,City,Cloudiness,Country,Date,Humidity,Lat,Lng,Max Temp,Wind Speed
0,Tekeli,54,KZ,1563660777,38,44.86,78.76,70.36,4.59
1,Georgetown,40,GY,1563660519,78,6.8,-58.16,82.4,9.17
2,Longyearbyen,75,NO,1563660475,87,78.22,15.63,42.8,8.05
3,Hermanus,100,ZA,1563660489,82,-34.42,19.24,46.99,11.01
4,Harboore,88,DK,1563660781,93,56.62,8.18,63.0,3.36
5,Provideniya,100,RU,1563660522,88,64.42,-173.23,51.82,4.63
6,Barrow,100,AR,1563660479,84,-38.31,-60.23,57.22,12.26
7,Okato,100,NZ,1563660784,69,-39.19,173.88,57.0,5.01
8,Katsuura,75,JP,1563660467,94,33.93,134.5,79.0,20.8
9,Ponta do Sol,61,BR,1563660487,64,-20.63,-46.0,60.28,5.23
10,Jamestown,2,AU,1563660353,97,-33.21,138.6,44.98,7.0
11,Yellowknife,75,CA,1563660336,49,62.45,-114.38,69.8,9.17
12,Ahipara,33,NZ,1563660790,100,-35.17,173.16,51.01,11.79
13,Albany,75,US,1563660394,52,42.65,-73.75,95.0,8.05
14,Ushuaia,0,AR,1563660406,64,-54.81,-68.31,35.6,11.41
15,Zwedru,100,LR,1563660793,97,6.07,-8.13,71.98,4.21
16,Thompson,40,CA,1563660497,34,55.74,-97.86,68.0,10.29
17,Bluff,20,AU,1563660466,83,-23.58,149.07,54.34,9.57
18,Portel,54,BR,1563660510,64,-1.94,-50.82,82.6,2.89
19,Alyangula,31,AU,1563660797,100,-13.85,136.42,51.8,6.93
20,Butaritari,33,KI,1563660469,68,3.07,172.79,84.4,5.99
21,Bredasdorp,79,ZA,1563660477,86,-34.53,20.04,46.99,9.17
22,Pisco,0,PE,1563660584,30,-13.71,-76.2,71.6,9.17
23,Starkville,20,US,1563660712,83,33.45,-88.82,77.0,5.21
24,Bendigo,100,AU,1563660803,61,-36.76,144.28,46.99,10.38
25,Chuy,4,UY,1563660484,91,-33.69,-53.46,61.0,6.62
26,Klaksvik,100,FO,1563660492,100,62.23,-6.59,51.8,8.05
27,Mataura,82,NZ,1563660469,98,-46.19,168.86,46.99,2.19
28,Castro,90,CL,1563660351,100,-42.48,-73.76,41.0,6.93
29,Lagoa,0,PT,1563660504,42,37.14,-8.45,84.2,14.99
30,Berlevag,0,NO,1563660591,80,70.86,29.09,52.9,4.09
31,Valenca do Piaui,32,BR,1563660811,55,-6.41,-41.75,76.3,3.89
32,Cidreira,0,BR,1563660465,78,-30.17,-50.22,61.72,7.7
33,Mudgee,0,AU,1563660531,92,-32.6,149.59,32.0,1.21
34,Busselton,100,AU,1563660468,63,-33.64,115.35,57.99,27.63
35,La Ronge,40,CA,1563660815,49,55.1,-105.3,68.0,8.05
36,Hoskote,40,IN,1563660816,100,13.07,77.79,71.6,13.87
37,Airai,0,TL,1563660521,63,-8.93,125.41,65.68,3.87
38,Rock Springs,75,US,1563660819,14,41.59,-109.2,80.6,3.36
39,Faanui,12,PF,1563660542,73,-16.48,-151.75,77.38,13.15
40,Sahuaripa,95,MX,1563660821,48,29.05,-109.23,89.62,3.18
41,San Patricio,50,PY,1563660561,81,-26.98,-56.83,71.26,7.65
42,Rancho Veloz,75,CU,1563660823,83,22.88,-80.39,75.2,12.75
43,Rikitea,65,PF,1563660467,47,-23.12,-134.97,67.12,6.85
44,Saint-Pierre,0,FR,1563660520,72,48.95,4.24,73.4,8.05
45,Carnarvon,27,ZA,1563660506,61,-30.97,22.13,36.16,12.73
46,Kattivakkam,20,IN,1563660828,83,13.22,80.32,84.2,5.68
47,Keta,40,GH,1563660829,88,5.92,0.99,78.8,11.41
48,Pevek,91,RU,1563660518,94,69.7,170.27,32.38,4.05
49,Hilo,40,US,1563660460,58,19.71,-155.08,84.99,12.75
50,Troutdale,20,US,1563660832,32,45.53,-122.39,86.0,13.87
51,Upernavik,100,GL,1563660462,93,72.79,-56.15,43.54,12.35
52,Zheleznodorozhnyy,20,RU,1563660668,88,55.75,38.0,64.0,6.71
53,Venice,86,US,1563660703,83,27.1,-82.45,90.0,12.75
54,Kapaa,90,US,1563660459,66,22.08,-159.32,86.0,12.75
55,Geraldton,75,CA,1563660499,56,49.72,-86.95,69.8,4.7
56,Port Alfred,31,ZA,1563660478,88,-33.59,26.89,46.99,4.0
57,Hobart,75,AU,1563660473,66,-42.88,147.33,51.01,10.29
58,Punta Arenas,75,CL,1563660459,74,-53.16,-70.91,37.4,12.75
59,Belyy Yar,40,RU,1563660842,93,53.6,91.39,51.8,2.24
60,Bethel,90,US,1563660499,82,60.79,-161.76,55.4,10.29
61,Kahului,40,US,1563660464,55,20.89,-156.47,87.8,27.51
62,Kaili,0,ID,1563660845,88,-3.46,120.21,58.84,3.27
63,Muros,20,ES,1563660847,93,42.77,-9.06,66.99,4.7
64,Comodoro Rivadavia,0,AR,1563660504,54,-45.87,-67.48,46.4,5.82
65,Hithadhoo,91,MV,1563660462,78,-0.6,73.08,82.78,13.76
66,Isangel,20,VU,1563660495,119,-19.55,169.27,73.4,11.41
67,Qaanaaq,97,GL,1563660510,81,77.48,-69.36,41.92,2.51
68,Saint-Georges,27,CA,1563660770,60,46.12,-70.67,88.0,3.0
69,Paamiut,0,GL,1563660853,93,61.99,-49.67,42.64,15.68
70,Kalynivka,0,UA,1563660855,72,50.23,30.23,69.01,4.47
71,Port Lincoln,0,AU,1563660856,67,-34.72,135.86,57.04,24.07
72,Iida,100,JP,1563660857,97,35.45,137.9,75.0,2.73
73,Daru,80,PG,1563660858,86,-9.07,143.21,71.62,7.07
74,Yulara,0,AU,1563660523,74,-25.24,130.99,44.6,4.7
75,Yar-Sale,40,RU,1563660575,75,66.83,70.83,61.54,4.61
76,Clearlake,1,US,1563660844,39,38.96,-122.63,89.01,5.82
77,Khalkhal,0,IR,1563660863,55,37.62,48.53,59.02,5.95
78,East London,7,ZA,1563660474,85,-33.02,27.91,43.18,8.1
79,Cape Town,0,ZA,1563660258,81,-33.93,18.42,48.99,5.82
80,Nikolskoye,100,RU,1563660489,87,59.7,30.79,63.0,6.71
81,Villa de San Francisco,40,HN,1563660867,57,14.18,-86.95,77.0,6.93
82,Mahebourg,75,MU,1563660495,88,-20.41,57.7,70.0,3.36
83,Vaini,100,IN,1563660469,91,15.34,74.49,77.56,7.2
84,Palmer,0,AU,1563660538,85,-34.85,139.16,53.01,4.0
85,Port Elizabeth,1,US,1563660485,66,39.31,-74.98,98.01,10.49
86,New Norfolk,75,AU,1563660459,66,-42.78,147.06,51.01,10.29
87,Lebu,40,ET,1563660460,87,8.96,38.73,55.4,4.7
88,Cabo San Lucas,40,MX,1563660430,54,22.89,-109.91,88.0,18.34
89,Chimore,100,BO,1563660875,79,-16.98,-65.13,73.6,3.78
90,Dolores,99,UY,1563660877,77,-33.53,-58.22,68.0,4.0
91,Necochea,100,AR,1563660475,89,-38.55,-58.74,57.0,14.0
92,Arraial do Cabo,40,BR,1563660512,77,-22.97,-42.02,68.0,16.11
93,Port Blair,93,IN,1563660880,82,11.67,92.75,80.98,10.69
94,Chokurdakh,100,RU,1563660501,79,70.62,147.9,41.56,15.55
95,Caravelas,37,BR,1563660499,76,-17.73,-39.27,71.62,13.58
96,Saint-Philippe,1,CA,1563660478,62,45.36,-73.48,89.01,11.41
97,Clyde River,90,CA,1563660525,100,70.47,-68.59,39.2,10.29
98,Charters Towers,0,AU,1563660567,92,-20.07,146.27,50.02,2.93
99,Pastos Bons,39,BR,1563660887,46,-6.6,-44.09,81.34,5.79
100,Tuatapere,100,NZ,1563660889,98,-46.13,167.69,48.0,8.01
101,Saint-Louis,0,SN,1563660890,83,16.03,-16.5,78.8,6.93
102,Fortuna,1,US,1563660891,72,40.6,-124.16,64.99,10.29
103,Atuona,0,PF,1563660892,78,-9.8,-139.03,79.72,12.15
104,Sao Filipe,46,CV,1563660893,81,14.9,-24.5,72.88,18.52
105,Axim,93,GH,1563660894,90,4.87,-2.24,76.3,9.89
106,Along,100,IN,1563660895,95,28.17,94.8,61.0,1.39
107,Kantunilkin,40,MX,1563660897,62,21.1,-87.49,89.6,11.41
108,Risor,100,NO,1563660898,92,58.72,9.23,61.0,2.73
109,Kinwat,94,IN,1563660899,83,19.62,78.2,78.82,6.64
110,Sinnamary,94,GF,1563660900,76,5.38,-52.96,82.24,15.21
111,Atar,97,MR,1563660901,21,20.52,-13.05,98.8,3.91
112,Lorengau,89,PG,1563660902,80,-2.02,147.27,80.44,8.95
113,Sitka,0,US,1563660904,31,37.17,-99.65,102.0,18.99
114,San Carlos,100,NI,1563660905,60,11.12,-84.78,78.01,13.0
115,Dikson,67,RU,1563660906,99,73.51,80.55,44.62,17.52
116,North Platte,90,US,1563660907,73,41.12,-100.77,75.2,16.11
117,Batemans Bay,0,AU,1563660908,72,-35.71,150.18,46.0,1.99
118,Oum Hadjer,99,TD,1563660909,62,13.3,19.7,82.96,14.36
119,Esperance,90,AU,1563660911,87,-33.86,121.89,53.6,14.99
120,Kavieng,100,PG,1563660912,75,-2.57,150.8,83.86,17.31
121,Teya,40,MX,1563660913,50,21.05,-89.07,95.0,11.41
122,Narsaq,40,GL,1563660914,58,60.91,-46.05,59.0,14.99
123,Komsomolskiy,98,RU,1563660915,82,67.55,63.78,56.32,7.25
124,Souillac,0,FR,1563660917,83,45.6,-0.6,73.99,6.93
125,Morros,75,BR,1563660918,94,-2.87,-44.04,75.2,3.36
126,Inirida,75,CO,1563660919,91,3.87,-67.92,80.26,3.6
127,Todos Santos,40,MX,1563660920,48,23.45,-110.23,88.0,17.22
128,Wahiawa,40,US,1563660692,61,21.5,-158.02,87.8,10.29
129,Yanacancha,80,PE,1563660922,49,-10.53,-76.18,49.66,8.32
130,Saskylakh,11,RU,1563660923,56,71.97,114.09,61.54,6.26
131,Acapulco,75,MX,1563660925,66,16.86,-99.88,87.8,11.41
132,Kysyl-Syr,0,RU,1563660926,68,63.9,122.77,54.34,1.92
133,Aykhal,0,RU,1563660927,50,65.95,111.51,57.2,1.3
134,Havoysund,0,NO,1563660928,66,71.0,24.66,55.4,4.7
135,Benavente,38,ES,1563660929,68,42.0,-5.67,75.0,6.93
136,Mar del Plata,26,AR,1563660930,48,-46.43,-67.52,41.38,9.35
137,Bambous Virieux,75,MU,1563660932,88,-20.34,57.76,70.0,3.36
138,Ribeira Grande,0,PT,1563660933,82,38.52,-28.7,72.7,17.0
139,Torbay,75,CA,1563660934,81,47.66,-52.73,53.01,12.75
140,Kungurtug,85,RU,1563660935,88,50.6,97.53,45.52,1.9
141,Khatanga,0,RU,1563660936,58,71.98,102.47,65.68,9.42
142,Constitucion,75,MX,1563660937,33,23.99,-104.67,79.0,8.05
143,Sur,4,OM,1563660938,81,22.57,59.53,76.66,14.03
144,Devon,75,CA,1563660940,73,53.36,-113.73,75.0,5.82
145,Waipawa,35,NZ,1563660941,69,-39.94,176.59,53.01,5.01
146,Wexford,1,US,1563660681,70,40.63,-80.06,91.0,4.7
147,Xuddur,20,SO,1563660943,66,4.12,43.89,74.68,15.82
148,Saint George,20,GR,1563660903,56,39.45,22.34,78.01,2.21
149,Kaitangata,100,NZ,1563660945,91,-46.28,169.85,50.0,8.01
150,Sao Jose da Coroa Grande,68,BR,1563660947,94,-8.9,-35.15,70.36,6.49
151,Gushikawa,75,JP,1563660948,88,26.35,127.87,82.4,8.05
152,Solnechnyy,100,RU,1563660949,98,50.72,136.64,64.06,2.53
153,Griffith,0,AU,1563660950,75,-34.29,146.06,51.01,5.82
154,Whitehaven,40,US,1563660952,56,35.03,-90.03,93.99,8.05
155,Singaraja,11,ID,1563660953,75,-8.11,115.08,79.36,2.42
156,Hasaki,75,JP,1563660954,94,35.73,140.83,75.2,8.05
157,Mogadishu,41,SO,1563660955,82,2.04,45.34,75.04,12.06
158,Tsumeb,0,NA,1563660956,14,-19.25,17.72,60.28,8.95
159,Simbahan,97,PH,1563660957,77,6.3,120.58,81.52,3.58
160,Portage,75,US,1563660959,62,41.58,-87.18,96.8,18.34
161,Galeana,0,MX,1563660960,34,24.83,-100.08,77.02,8.1
162,Saint Anthony,1,US,1563660961,22,43.97,-111.68,82.4,13.87
163,Hofn,100,IS,1563660962,98,64.25,-15.21,40.3,4.52
164,San Jose,40,HN,1563660963,40,14.25,-87.96,89.6,12.75
165,Pringsewu,100,ID,1563660964,97,-5.36,104.98,71.26,1.45
166,Paka,93,CF,1563660966,96,4.15,15.03,68.74,2.01
167,Ucluelet,20,CA,1563660740,60,48.94,-125.55,79.0,8.05
168,Puerto Quijarro,20,BO,1563660968,54,-19.0,-57.72,84.2,10.29
169,Verkhnyaya Inta,66,RU,1563660969,79,65.99,60.32,61.0,6.91
170,Sabang,100,PH,1563660970,89,13.8,121.11,80.01,1.48
171,Padang,100,ID,1563660971,77,-0.92,100.36,81.16,4.05
172,Erdenet,77,MN,1563660972,77,49.03,104.04,55.6,2.44
173,Nome,40,US,1563660974,59,30.04,-94.42,95.0,12.75
174,Coronel Vivida,0,BR,1563660975,88,-25.98,-52.57,62.44,4.23
175,Beyneu,0,KZ,1563660976,29,45.32,55.19,85.84,11.27
176,Pospelikha,7,RU,1563660977,85,51.99,81.83,61.54,5.06
177,Texarkana,40,US,1563660978,55,33.44,-94.04,91.99,8.05
178,Coihaique,20,CL,1563660980,98,-45.58,-72.07,35.6,1.86
179,Kaeo,86,NZ,1563660981,100,-35.1,173.78,52.0,4.03
180,Cayenne,0,GF,1563660778,83,4.94,-52.33,80.6,4.7
181,Portland,1,US,1563660485,59,43.66,-70.25,93.2,9.17
182,Havelock,1,US,1563660881,55,34.88,-76.9,97.0,14.99
183,Catalca,0,TR,1563660925,78,41.14,28.46,75.99,9.17
184,Pasighat,100,IN,1563660986,96,28.06,95.33,71.62,1.86
185,Myitkyina,100,MM,1563660987,96,25.38,97.4,71.62,2.21
186,Talnakh,0,RU,1563660988,58,69.49,88.39,57.2,8.95
187,El Burrion,40,MX,1563660990,44,25.54,-108.41,97.0,16.11
188,Saldanha,0,PT,1563660991,47,41.42,-6.55,72.88,7.74
189,Calatayud,68,ES,1563660724,53,41.35,-1.64,82.4,15.64
190,Kokstad,12,ZA,1563660993,92,-30.55,29.42,26.08,4.16
191,Luderitz,0,NA,1563660994,72,-26.65,15.16,57.22,11.92
192,Avarua,7,CK,1563660995,60,-21.21,-159.78,73.4,6.93
193,Puerto Ayora,20,EC,1563660996,54,-0.74,-90.35,82.4,18.34
194,Black River,20,JM,1563660998,59,18.03,-77.85,89.6,18.34
195,Letlhakane,0,BW,1563660999,19,-21.42,25.59,54.52,7.74
196,Aguas Formosas,10,BR,1563661000,91,-17.08,-40.94,62.26,5.12
197,Sao Joaquim,0,BR,1563661001,99,-28.29,-49.93,61.0,3.0
198,Tooele,1,US,1563661002,27,40.53,-112.3,93.99,10.29
199,Arrifes,20,PT,1563661004,94,37.77,-25.7,71.6,4.7
200,Maumere,52,ID,1563661005,67,-8.63,122.22,71.08,2.75
201,Kodiak,40,US,1563661006,21,39.95,-94.76,98.01,9.17
202,San Quintin,100,PH,1563661007,89,17.54,120.52,75.58,3.33
203,Batagay-Alyta,93,RU,1563661008,46,67.8,130.41,53.62,5.08
204,Ixtapa,90,MX,1563661009,62,20.71,-105.21,88.0,9.17
205,Seymchan,90,RU,1563661011,70,62.93,152.39,45.88,6.13
206,Tromso,0,NO,1563661012,76,69.65,18.96,60.01,6.93
207,Husavik,31,CA,1563661013,61,50.56,-96.99,72.0,5.99
208,Te Anau,100,NZ,1563660858,94,-45.41,167.72,44.26,5.03
209,Port Hardy,40,CA,1563661015,87,50.7,-127.42,57.2,5.82
210,Batagay,100,RU,1563661016,49,67.65,134.64,53.26,5.93
211,Sai Buri,100,TH,1563661018,96,6.7,101.62,73.24,1.41
212,Plouzane,0,FR,1563661019,87,48.38,-4.62,62.01,2.24
213,Vanimo,19,PG,1563661020,80,-2.67,141.3,80.98,6.22
214,Ngunguru,36,NZ,1563661021,96,-35.62,174.5,51.01,3.0
215,El Progreso,87,GT,1563661022,76,14.36,-89.85,72.34,6.42
216,Okhotsk,0,RU,1563661023,55,59.36,143.24,56.68,20.51
217,Ilulissat,75,GL,1563660743,81,69.22,-51.1,50.0,4.7
218,Ullapool,4,GB,1563661026,82,57.9,-5.16,57.0,4.0
219,Vallenar,63,CL,1563661027,49,-28.58,-70.76,62.26,7.52
220,Fare,9,PF,1563661028,77,-16.7,-151.02,76.12,16.02
221,Shostka,16,UA,1563661029,84,51.86,33.47,61.36,3.02
222,Mount Gambier,40,AU,1563661030,87,-37.83,140.78,48.2,6.93
223,Pindiga,0,NG,1563661032,92,9.98,10.93,72.52,6.13
224,San Policarpo,30,PH,1563661033,87,12.18,125.51,78.28,4.21
225,Locri,5,IT,1563661034,69,38.24,16.26,77.0,3.36
226,Saraland,75,US,1563661035,78,30.82,-88.07,86.0,12.75
227,Huangzhai,88,CN,1563661036,88,23.86,112.01,78.1,0.34
228,Berberati,100,CF,1563661037,94,4.26,15.79,69.1,1.99
229,Rzhaksa,0,RU,1563661039,88,52.14,42.03,59.38,7.52
230,Mehamn,0,NO,1563661040,77,71.03,27.85,53.44,2.71
231,Arman,95,RU,1563661041,85,59.7,150.17,49.3,5.79
232,Ishigaki,75,JP,1563661042,94,24.34,124.16,82.4,11.41
233,Guerrero Negro,50,MX,1563661043,87,27.97,-114.04,65.32,17.56
234,Avera,20,US,1563661045,41,33.19,-82.53,93.2,3.36
235,Flinders,0,AU,1563661046,65,-34.58,150.85,59.0,4.7
236,Hyeres,28,FR,1563661047,88,43.12,6.14,78.01,3.36
237,Christchurch,97,NZ,1563660787,100,-43.53,172.64,53.01,19.46
238,Northam,75,AU,1563661049,93,-31.65,116.67,57.2,14.99
239,Los Llanos de Aridane,90,ES,1563661050,83,28.66,-17.92,73.4,13.87
240,Vila Velha,75,BR,1563661051,74,-3.71,-38.6,86.0,12.75
241,Quatre Cocos,20,MU,1563661053,88,-20.21,57.76,70.0,5.82
242,Pangody,33,RU,1563661054,86,65.85,74.49,67.12,7.63
243,Zanjan,0,IR,1563661055,55,36.67,48.48,63.88,3.44
244,Tuktoyaktuk,75,CA,1563661056,72,69.44,-133.03,62.6,10.29
245,Namibe,96,AO,1563661057,87,-15.19,12.15,69.46,5.06
246,Menongue,0,AO,1563661058,29,-14.66,17.68,52.18,3.47
247,Labuhan,0,ID,1563661060,95,-2.54,115.51,70.36,1.77
248,Duluth,1,US,1563661061,31,46.77,-92.13,80.01,10.29
249,Dingle,36,PH,1563661062,89,11.0,122.67,74.5,2.1
250,Codrington,90,AU,1563661063,93,-28.95,153.24,55.99,6.93
251,Tiksi,5,RU,1563661064,75,71.64,128.87,44.26,10.18
252,Lima,90,PE,1563661065,77,-12.06,-77.04,64.4,6.93
253,Moba,0,CD,1563661067,65,-7.04,29.77,60.46,3.33
254,devin,0,IT,1563661068,78,45.71,7.68,78.01,4.7
255,Oktyabrskoye,40,RU,1563661069,100,56.73,85.44,55.99,6.71
256,Zaqatala,40,AZ,1563661070,57,41.63,46.65,78.8,6.93
257,Pangnirtung,79,CA,1563661071,59,66.15,-65.72,57.04,6.58
258,Diffa,0,NE,1563660788,35,13.32,12.61,91.24,10.31
259,Balingasay,100,PH,1563661074,77,16.36,119.86,84.4,11.25
260,Jorochito,75,BO,1563661075,54,-18.06,-63.43,84.2,19.46
261,Lazaro Cardenas,40,MX,1563661076,19,28.39,-105.62,95.0,13.87
262,Anchorage,90,US,1563660887,68,61.22,-149.89,69.01,8.05
263,Saint-Augustin,90,CA,1563661078,79,45.63,-73.98,89.01,5.82
264,Ambilobe,99,MG,1563661079,75,-13.19,49.05,74.68,2.21
265,Ostrovnoy,0,RU,1563661080,85,68.05,39.51,40.12,0.63
266,Dukat,0,AL,1563661082,62,40.25,19.57,73.99,1.01
267,Tawau,75,MY,1563661083,94,4.26,117.89,75.2,2.24
268,Bathsheba,40,BB,1563660962,70,13.22,-59.52,84.2,17.22
269,Cockburn Town,40,TC,1563661074,66,21.46,-71.14,87.8,9.17
270,San Cristobal,48,HN,1563661086,44,14.68,-86.92,84.58,13.89
271,Abu Road,8,IN,1563661087,58,24.48,72.78,86.92,0.56
272,Mayumba,30,GA,1563661088,89,-3.44,10.65,71.62,8.16
273,Lamar,1,US,1563661090,22,38.09,-102.62,102.2,17.22
274,Tateyama,75,JP,1563661091,69,36.66,137.31,80.6,3.36
275,Binzhou,20,CN,1563661092,74,37.38,117.96,82.99,0.94
276,Kita,75,JP,1563661093,94,35.76,139.74,80.01,4.7
277,Nsanje,0,MZ,1563661094,33,-16.92,35.26,70.36,3.58
278,Nazarovo,67,RU,1563661096,92,56.01,90.42,43.72,1.52
279,Baiquan,100,CN,1563661097,91,47.61,126.08,71.62,12.68
280,Adra,0,ES,1563660946,78,36.75,-3.02,81.0,4.7
281,Nemuro,100,JP,1563661099,96,43.32,145.57,56.86,8.12
282,San Pedro,100,AR,1563661100,82,-33.68,-59.66,68.0,1.01
283,Kupang,99,ID,1563661101,70,-10.16,123.6,72.52,10.6
284,Wuwei,100,CN,1563661103,32,37.93,102.64,73.06,7.94
285,Umbuzeiro,90,BR,1563661104,94,-7.7,-35.67,69.8,4.7
286,Qaqortoq,40,GL,1563661105,58,60.72,-46.03,59.0,14.99
287,Japura,100,ID,1563661089,91,-0.42,102.29,72.52,1.3
288,Adrar,72,DZ,1563661107,12,27.87,-0.29,104.0,20.8
289,Guilin,75,CN,1563661108,88,25.28,110.29,80.6,6.71
290,Hovd,0,NO,1563661109,49,63.83,10.7,69.8,18.34
291,San Andres,100,PH,1563661111,90,13.32,122.68,77.74,2.64
292,Morrope,0,PE,1563661112,29,-6.54,-80.02,66.2,18.34
293,Tual,84,ID,1563661113,82,-5.67,132.75,76.66,20.15
294,Tucuman,0,PE,1563661114,20,-17.17,-70.89,68.38,8.05
295,Tasiilaq,40,GL,1563661115,75,65.61,-37.64,44.6,4.7
296,Sidi Ali,0,DZ,1563661117,89,36.1,0.42,75.94,5.46
297,Vidalia,1,US,1563660908,62,31.57,-91.43,91.4,6.93
298,Imbituba,0,BR,1563661119,68,-28.24,-48.67,68.0,11.41
299,Jand,29,PK,1563661120,41,33.43,72.02,94.66,10.2
300,Abdulino,0,RU,1563661121,92,53.68,53.66,60.1,6.76
301,Presidencia Roque Saenz Pena,0,AR,1563661122,55,-26.79,-60.44,79.54,9.31
302,Hamilton,75,CA,1563661123,59,43.26,-79.87,93.99,9.17
303,Yemtsa,99,RU,1563661125,98,63.06,40.33,49.48,3.69
304,Saint-Joseph,0,FR,1563661126,88,43.56,6.97,77.0,2.24
305,Cherskiy,98,RU,1563661127,62,68.75,161.3,44.98,7.11
306,Oranjemund,0,ZA,1563661128,75,-28.55,16.43,56.5,16.17
307,Iqaluit,90,CA,1563661129,87,63.75,-68.52,42.8,17.22
308,Damietta,0,EG,1563661130,78,31.42,31.81,78.8,12.75
309,Samarai,96,PG,1563661131,90,-10.62,150.67,70.72,2.13
310,Mount Pleasant,40,US,1563661023,49,33.16,-94.97,95.0,10.29
311,Wloclawek,100,PL,1563661134,61,52.65,19.07,66.0,5.37
312,Hami,100,CN,1563661135,39,42.84,93.51,77.38,5.64
313,Half Moon Bay,5,US,1563661000,53,37.46,-122.43,80.01,11.41
314,Port-Gentil,20,GA,1563661137,94,-0.72,8.78,75.2,6.93
315,Khao Wong,100,TH,1563661138,86,16.69,104.09,77.02,6.35
316,Richards Bay,100,ZA,1563661140,71,-28.77,32.06,62.26,40.2
317,Rudnichnyy,31,RU,1563661141,96,59.7,60.29,60.46,2.77
318,Troitsko-Pechorsk,32,RU,1563661142,91,62.71,56.19,55.06,2.37
319,Kalmunai,100,LK,1563661143,63,7.42,81.82,78.82,5.82
320,Parfenyevo,67,RU,1563661144,97,58.48,43.41,53.26,4.34
321,Emerald,0,AU,1563661145,87,-23.53,148.16,54.0,6.4
322,Nishihara,90,JP,1563661147,88,35.74,139.53,80.01,6.71
323,Severo-Kurilsk,33,RU,1563661148,96,50.68,156.12,45.52,12.12
324,Nizhniy Tsasuchey,100,RU,1563661149,89,50.52,115.13,56.5,10.87
325,Borba,97,BR,1563661150,67,-4.39,-59.59,85.48,1.81
326,Buala,100,SB,1563661151,82,-8.15,159.59,80.08,9.26
327,Manggar,15,ID,1563661152,92,-2.88,108.27,75.58,4.32
328,Yilan,92,CN,1563661154,94,43.11,129.52,68.92,5.95
329,Lavrentiya,100,RU,1563661155,94,65.58,-170.99,42.82,4.54
330,Pedro Juan Caballero,0,PY,1563661156,60,-22.55,-55.74,71.6,4.7
331,Kant,0,KG,1563661157,44,42.89,74.85,75.2,8.95
332,Turbat,0,PK,1563661158,74,26.0,63.05,79.9,8.01
333,Terrak,0,NO,1563661159,87,65.09,12.37,59.0,3.36
334,Sandwick,0,GB,1563661160,87,54.57,-2.89,61.0,11.41
335,Fairbanks,90,US,1563661162,52,64.84,-147.72,69.8,12.75
336,Glenluce,51,GB,1563661163,87,54.88,-4.81,59.0,1.79
337,Ballina,100,IE,1563661164,90,54.11,-9.15,60.01,1.99
338,Fremont,1,US,1563661051,50,37.55,-121.99,82.0,13.87
339,Umm Lajj,0,SA,1563661166,72,25.02,37.27,86.56,6.89
340,Chulman,100,RU,1563661167,70,56.84,124.9,49.48,4.14
341,Ponta Delgada,20,PT,1563661169,94,37.73,-25.67,71.6,4.7
342,La Libertad,0,PE,1563661170,14,-16.38,-71.56,68.0,11.41
343,Westport,1,US,1563660903,56,41.14,-73.36,96.01,8.05
344,Rawson,100,AR,1563661172,93,-43.3,-65.11,38.68,8.7
345,Launceston,90,AU,1563661173,76,-41.43,147.14,54.0,13.87
346,Ripiceni,0,MD,1563661174,82,47.95,27.14,64.0,6.93
347,Kavaratti,99,IN,1563661175,80,10.57,72.64,81.34,26.73
348,Petrivka,20,UA,1563661176,77,46.91,30.72,69.8,2.24
349,Sochi,75,RU,1563661167,94,43.6,39.73,73.0,6.71
350,Perth,75,AU,1563661179,87,-31.95,115.86,61.0,6.93
351,Moose Factory,90,CA,1563661180,82,51.26,-80.61,57.2,11.41
352,Chase,1,US,1563661181,31,38.35,-98.35,102.99,16.11
353,Shaunavon,94,CA,1563661182,57,49.65,-108.41,64.96,8.21
354,Leningradskiy,100,RU,1563661183,88,69.38,178.42,36.52,10.13
355,Aberdeen,1,US,1563660988,33,46.98,-123.82,81.0,8.05
356,Srednekolymsk,100,RU,1563661186,52,67.46,153.71,51.64,11.45
357,Cheremukhovo,1,RU,1563661187,97,56.23,46.23,56.14,5.32
358,Rocha,61,UY,1563661046,88,-34.48,-54.34,64.24,10.02
359,Lensk,0,RU,1563661189,64,60.71,114.91,49.12,9.01
360,Celina,40,US,1563660934,55,40.55,-84.57,93.99,14.99
361,General Roca,0,AR,1563661027,43,-39.03,-67.58,55.4,6.93
362,Taoudenni,54,ML,1563661192,9,22.68,-3.98,108.34,14.05
363,Cagsiay,100,PH,1563661193,95,14.22,121.75,74.14,3.4
364,Nizwa,0,OM,1563661195,55,22.93,57.53,79.72,1.48
365,Tazovskiy,91,RU,1563661196,55,67.47,78.7,58.84,10.96
366,Ipixuna,76,BR,1563661197,61,-1.76,-48.8,82.96,3.06
367,Ellenabad,0,IN,1563661198,49,29.45,74.66,92.68,5.66
368,Souris,75,CA,1563661199,69,46.36,-62.25,82.4,3.36
369,Ternate,75,PH,1563661201,88,14.29,120.72,82.4,5.82
370,Dongzhen,100,CN,1563661202,95,43.33,129.73,67.48,5.28
371,Curico,0,CL,1563661203,58,-34.98,-71.23,53.6,3.36
372,Manta,0,RO,1563661204,74,45.1,24.1,63.34,2.82
373,College,90,US,1563661184,52,64.86,-147.8,69.8,12.75
374,Itarema,80,BR,1563661206,78,-2.92,-39.92,76.66,10.02
375,Kayalpattinam,100,IN,1563661207,70,8.57,78.12,80.8,10.58
376,Nioro,29,GM,1563661209,58,13.79,-15.05,83.5,14.2
377,Mawlaik,96,MM,1563661026,88,23.63,94.42,73.96,3.69
378,Inhambane,82,MZ,1563661211,70,-23.87,35.38,64.06,12.68
379,Abu Zabad,100,SD,1563661212,68,12.35,29.25,78.28,6.31
380,Laguna,75,BZ,1563661116,79,16.17,-88.94,84.2,6.93
381,Chabahar,54,IR,1563661214,77,25.29,60.65,82.24,6.58
382,Vao,0,EE,1563661215,79,59.1,26.19,58.12,4.9
383,Hualmay,41,PE,1563661216,83,-11.1,-77.61,62.26,9.31
384,Ust-Nera,0,RU,1563661218,55,64.57,143.24,43.54,2.44
385,Siderno,5,IT,1563661219,69,38.28,16.3,77.0,3.36
386,Amga,0,RU,1563661220,62,60.89,131.98,51.1,1.39
387,Saquarema,40,BR,1563661221,88,-22.93,-42.51,71.6,11.41
388,Arlit,100,NE,1563661222,35,18.74,7.39,88.54,18.32
389,Sochaczew,0,PL,1563661223,64,52.23,20.24,72.0,6.93
390,Ovalle,100,CL,1563661046,42,-30.6,-71.2,60.82,6.93
391,Goure,23,NE,1563661226,36,13.98,10.27,89.62,11.34
392,Inuvik,75,CA,1563661227,43,68.36,-133.71,73.4,13.87
393,Maniitsoq,21,GL,1563661228,80,65.42,-52.9,48.94,11.92
394,Ihosy,0,MG,1563661229,52,-22.4,46.13,53.8,8.48
395,Velikiy Ustyug,100,RU,1563661231,93,60.76,46.3,55.78,1.63
396,Cap Malheureux,20,MU,1563661232,88,-19.98,57.61,70.0,5.82
397,Port-de-Bouc,0,FR,1563661233,83,43.4,4.98,73.4,3.36
398,Hambantota,75,LK,1563661234,83,6.12,81.12,82.4,5.82
399,Oriximina,0,BR,1563661235,53,-1.77,-55.87,87.1,8.21
400,Coos Bay,1,US,1563661236,72,43.37,-124.22,72.0,24.16
401,Kandrian,100,PG,1563661238,95,-6.21,149.55,73.78,7.56
402,Chapais,90,CA,1563661111,88,49.78,-74.86,64.4,4.7
403,Bronnoysund,0,NO,1563661240,87,65.46,12.2,59.0,3.36
404,Deputatskiy,100,RU,1563661241,65,69.3,139.9,50.2,18.07
405,Waingapu,44,ID,1563661242,94,-9.65,120.26,67.12,10.2
406,Romanovo,99,RU,1563661243,94,56.49,40.39,56.14,6.44
407,Kisangani,90,CD,1563661244,92,0.52,25.21,70.72,1.86
408,Saquisili,75,EC,1563661246,67,-0.83,-78.67,57.2,18.34
409,Alofi,20,NU,1563661247,74,-19.06,-169.92,80.6,11.41
410,Bandiagara,0,ML,1563661248,58,14.35,-3.61,86.0,9.17
411,Balakirevo,67,RU,1563661249,98,56.51,38.84,55.96,5.73
412,Chimbote,0,PE,1563661250,86,-9.08,-78.59,62.8,9.91
413,Kaele,0,CM,1563661251,77,10.11,14.45,76.3,4.85
414,Potosi,24,BO,1563661253,33,-19.59,-65.75,46.06,19.13
415,Marsh Harbour,1,BS,1563661254,69,26.54,-77.06,84.76,8.75
416,Norman Wells,75,CA,1563661255,53,65.28,-126.83,77.0,6.93
417,Jalalpur Pirwala,5,PK,1563661256,43,29.5,71.22,95.74,3.27
418,Hobyo,76,SO,1563661257,73,5.35,48.53,76.66,25.19
419,Alta Floresta,0,BR,1563661258,51,-9.87,-56.08,80.6,2.24
420,Kruisfontein,36,ZA,1563661259,84,-34.0,24.73,42.82,4.74
421,Kununurra,72,AU,1563661261,87,-15.77,128.74,53.6,2.55
422,Sorong,51,ID,1563661262,95,-0.86,131.25,74.5,6.6
423,Umarkot,0,PK,1563661263,48,25.37,69.74,90.52,12.26
424,Finschhafen,80,PG,1563661264,95,-6.6,147.85,64.24,2.13
425,Shingu,100,JP,1563661265,97,33.72,135.99,69.64,5.39
426,Eyl,100,SO,1563661266,65,7.98,49.82,77.56,25.86
427,Lesnikovo,2,RU,1563661268,95,55.28,65.32,63.52,5.37
428,Shimanovsk,80,RU,1563661269,98,52.0,127.67,68.74,9.4
429,Bahia Honda,41,CU,1563661270,74,22.9,-83.16,84.22,12.24
430,Sulangan,96,PH,1563661271,77,11.14,123.72,82.24,3.4
431,Abu Dhabi,0,AE,1563661272,75,24.47,54.37,95.0,3.36
432,Sisimiut,92,GL,1563661273,92,66.94,-53.67,43.36,8.97
433,Olga,1,US,1563661275,57,34.11,-118.17,87.01,9.26
434,Luwuk,85,ID,1563661276,98,-0.95,122.79,62.98,5.08
435,San Luis,100,AR,1563661188,62,-33.3,-66.34,64.78,19.26
436,Slave Lake,1,CA,1563661049,77,55.28,-114.77,68.0,6.93
437,Warrnambool,64,AU,1563661279,80,-38.38,142.48,50.0,5.01
438,Soyo,0,AO,1563661280,82,-6.13,12.37,72.52,6.6
439,Odienne,96,CI,1563661281,92,9.51,-7.57,71.8,4.18
440,Thinadhoo,98,MV,1563661283,76,0.53,72.93,83.14,12.71
441,Gualaquiza,44,EC,1563661284,82,-3.4,-78.58,56.5,7.31
442,Turukhansk,0,RU,1563661285,58,65.8,87.96,54.88,7.0
443,Khorol,0,UA,1563661286,73,49.78,33.27,63.88,1.79
444,Ust-Kuyga,100,RU,1563661287,62,70.0,135.55,54.52,3.78
445,Victoria,75,BN,1563661288,94,5.28,115.24,80.6,8.57
446,Sungaipenuh,89,ID,1563661289,92,-2.08,101.38,70.18,3.8
447,Broome,33,GB,1563661291,82,52.47,1.45,64.4,6.93
448,Aurillac,90,FR,1563661292,73,44.93,2.44,73.4,3.36
449,Riohacha,0,CO,1563661181,46,11.54,-72.91,92.32,19.06
450,Parabel,0,RU,1563661294,58,58.71,81.5,52.36,6.46
451,Port Hawkesbury,1,CA,1563661295,61,45.62,-61.36,82.0,4.7
452,Zasosna,0,RU,1563661296,86,50.63,38.4,61.18,5.57
453,Jan Kempdorp,0,ZA,1563661298,40,-27.92,24.84,36.88,5.57
454,Warrington,0,GB,1563661142,77,53.39,-2.59,63.0,4.7
455,Broken Hill,48,AU,1563661300,32,-31.97,141.45,55.4,10.29
456,Ribas do Rio Pardo,100,BR,1563661301,41,-20.45,-53.76,77.92,8.84
457,Mizdah,0,LY,1563661302,59,31.45,12.98,73.6,17.94
458,Birjand,0,IR,1563661303,17,32.86,59.22,84.2,33.33
459,The Valley,40,AI,1563661305,69,18.22,-63.06,86.0,9.17
460,Coquimbo,100,CL,1563661306,81,-29.95,-71.34,53.6,9.17
461,Moshenskoye,53,RU,1563661307,98,58.52,34.59,55.96,5.37
462,Mantua,0,IT,1563661308,69,45.16,10.79,78.8,3.36
463,Zelezniki,0,SI,1563661309,82,46.23,14.17,75.2,1.12
464,Sola,100,TZ,1563661311,47,-3.17,33.8,74.32,3.96
465,Tsabong,0,BW,1563661312,43,-26.02,22.4,46.6,7.16
466,Atocha,0,AR,1563661313,46,-24.82,-65.48,69.8,8.05
467,Comarapa,100,BO,1563661314,49,-17.91,-64.53,66.58,5.82
468,Naze,71,NG,1563661315,94,5.43,7.07,72.88,3.85
469,Oga,0,IT,1563661317,87,46.46,10.35,57.2,3.36
470,Maku,0,IR,1563661318,55,39.29,44.45,63.88,4.41
471,Vilhena,0,BR,1563661060,48,-12.74,-60.15,82.4,5.82
472,Abu Kamal,0,SY,1563661320,35,34.45,40.92,84.76,18.05
473,Beringovskiy,96,RU,1563661321,71,63.05,179.32,62.26,8.48
474,Itoman,75,JP,1563661322,88,26.12,127.67,82.4,8.05
475,Bay City,75,US,1563661323,82,43.59,-83.89,73.4,9.17
476,Basco,1,US,1563661284,59,40.33,-91.2,95.0,9.17
477,Ketchikan,40,US,1563661326,59,55.34,-131.65,66.2,12.75
478,Ancud,90,CL,1563661327,100,-41.87,-73.83,41.0,6.93
479,Ondjiva,0,AO,1563661328,20,-17.07,15.73,60.28,6.04
480,Ravar,0,IR,1563661329,15,31.27,56.81,72.16,3.65
481,Mnogovershinnyy,100,RU,1563661330,97,53.94,139.92,51.82,7.99
482,La Rioja,91,AR,1563661331,43,-29.41,-66.86,62.08,4.12
483,Kjollefjord,0,NO,1563661332,77,70.95,27.35,52.54,4.32
484,Port Macquarie,0,AU,1563661334,100,-31.43,152.91,48.99,3.36
485,Nuuk,75,GL,1563661335,71,64.17,-51.74,55.4,5.82
486,Walcz,99,PL,1563661336,63,53.28,16.47,66.99,5.68
487,Ukiah,1,US,1563661337,39,39.15,-123.21,91.99,5.82
488,Baytown,75,US,1563661157,55,29.74,-94.98,96.01,14.99
489,Pandan,99,PH,1563661339,74,11.72,122.09,82.6,6.82
490,Artigas,15,BR,1563661341,89,-30.4,-56.46,66.04,9.35
491,Nhulunbuy,94,AU,1563661342,93,-12.18,136.78,60.8,10.76
492,Villa Union,75,BO,1563661343,66,-10.79,-65.46,86.0,1.34
493,Kristiansund,100,NO,1563661344,63,63.12,7.73,64.4,4.7
494,Forotic,0,RO,1563661345,88,45.23,21.59,72.0,1.12
495,Pundaguitan,86,PH,1563661346,76,6.37,126.17,80.8,2.95
496,Chaiyaphum,100,TH,1563661348,90,15.81,102.03,74.86,6.08
497,Xining,100,CN,1563661349,86,36.62,101.77,50.92,3.4
498,De Aar,25,ZA,1563661350,63,-30.65,24.01,36.34,13.09
499,Gardner,1,US,1563661351,50,38.81,-94.93,99.0,11.41
500,Pokhara,33,NP,1563661352,83,28.21,83.99,55.6,3.47
501,Millerovo,0,RU,1563661353,58,48.92,40.39,67.12,3.49
502,Victoria Point,20,AU,1563661355,93,-27.58,153.3,55.99,9.17
503,Lompoc,1,US,1563661221,64,34.64,-120.46,73.99,11.41
504,Bolobo,100,CD,1563661357,62,-2.17,16.23,79.72,2.86
505,High Prairie,48,CA,1563661358,59,55.43,-116.48,72.7,0.67
506,Ulundi,97,ZA,1563661359,58,-28.29,31.43,39.58,10.69
507,Palmares do Sul,0,BR,1563661360,94,-30.26,-50.51,62.01,11.5
508,Charcas,70,MX,1563661362,25,23.13,-101.11,77.74,11.83
509,Gamba,4,CN,1563661363,73,28.28,88.52,40.84,2.66
510,Pauini,85,BR,1563661364,47,-7.71,-67.0,89.62,1.5
511,Demba,0,CD,1563661365,31,-5.47,22.27,71.8,2.24
512,Jinchang,100,CN,1563661366,31,38.52,102.19,71.44,11.54
513,Kaabong,67,UG,1563661367,73,3.51,34.14,65.5,1.03
514,Mazagao,40,BR,1563661368,70,-0.12,-51.29,86.0,8.05
515,Mayo,75,CA,1563661370,47,63.59,-135.9,75.2,9.17
516,Juruti,20,BR,1563661226,51,-2.16,-56.09,86.2,5.1
517,Lerwick,98,GB,1563661372,100,60.15,-1.15,55.4,17.22
518,Larreynaga,83,NI,1563661373,52,12.68,-86.57,93.04,5.64
519,Dunda,0,IN,1563661374,83,30.62,78.32,69.82,5.23
520,Santa Isabel,1,MX,1563661375,10,32.63,-115.58,107.6,9.17
521,San Javier,83,BR,1563661377,81,-27.87,-55.13,66.0,5.61
522,Lake Charles,1,US,1563661378,52,30.23,-93.22,93.0,11.41
523,Yumen,100,CN,1563661379,42,40.29,97.04,72.7,16.22
524,Gat,55,SN,1563661380,74,14.69,-16.54,87.8,8.05
525,Madimba,75,CM,1563661381,94,4.42,9.93,78.8,2.24
526,Nyanguge,20,TZ,1563661383,93,-2.54,33.2,66.2,2.48
527,Le Port,56,FR,1563661384,56,42.87,1.37,77.0,2.59
528,Mezen,100,RU,1563661385,88,65.85,44.24,49.48,7.27
529,Itambacuri,62,BR,1563661386,84,-18.04,-41.68,62.08,0.63
530,Plettenberg Bay,11,ZA,1563661387,80,-34.05,23.37,43.0,5.17
531,Margate,75,AU,1563661389,66,-43.03,147.26,51.01,10.29
